startnumber,prefix,author
1,Scooby-Doo Where Are You,Chris Duffy
2,Scooby-Doo Where Are You,Chris Duffy
3,Scooby-Doo Where Are You,Chris Duffy
4,Scooby-Doo Where Are You,John Rozum
5,Scooby-Doo Where Are You,John Rozum
6,Scooby-Doo Where Are You,Chris Duffy
7,Scooby-Doo Where Are You,Jesse Leon McCann
8,Scooby-Doo Where Are You,Joe Edkin
9,Scooby-Doo Where Are You,Sholly Fisch
10,Scooby-Doo Where Are You,Sholly Fisch
11,Scooby-Doo Where Are You,Scott Peterson
12,Scooby-Doo Where Are You,Paul S. Newman
13,Scooby-Doo Where Are You,Sholly Fisch
14,Scooby-Doo Where Are You,Paul Kupperberg
15,Scooby-Doo Where Are You,John Rozum
16,Scooby-Doo Where Are You,Robbie Busch
17,Scooby-Doo Where Are You,John Rozum
18,Scooby-Doo Where Are You,Sholly Fisch
19,Scooby-Doo Where Are You,Scott Beatty
20,Scooby-Doo Where Are You,Vito Delsante
21,Scooby-Doo Where Are You,John Rozum
22,Scooby-Doo Where Are You,Scott Beatty
23,Scooby-Doo Where Are You,Frank Strom
24,Scooby-Doo Where Are You,John Rozum
25,Scooby-Doo Where Are You,John Rozum
26,Scooby-Doo Where Are You,Frank Strom
27,Scooby-Doo Where Are You,Scott Neely
28,Scooby-Doo Where Are You,Sholly Fisch
29,Scooby-Doo Where Are You,Alex Simmons
30,Scooby-Doo Where Are You,Sholly Fisch
31,Scooby-Doo Where Are You,John Rozum
32,Scooby-Doo Where Are You,Sholly Fisch
33,Scooby-Doo Where Are You,Sholly Fisch
34,Scooby-Doo Where Are You,Jason Lewis
35,Scooby-Doo Where Are You,Sholly Fisch
36,Scooby-Doo Where Are You,Sholly Fisch
37,Scooby-Doo Where Are You,Sholly Fisch
38,Scooby-Doo Where Are You,Sholly Fisch
39,Scooby-Doo Where Are You,Heather Nuhfer
40,Scooby-Doo Where Are You,Sholly Fisch
41,Scooby-Doo Where Are You,Scott Gross
42,Scooby-Doo Where Are You,Heather Nuhfer
43,Scooby-Doo Where Are You,Sholly Fisch
44,Scooby-Doo Where Are You,Matthew K. Manning
45,Scooby-Doo Where Are You,Geirgia Ball
46,Scooby-Doo Where Are You,Scott Gross
47,Scooby-Doo Where Are You,Sholly Fisch
48,Scooby-Doo Where Are You,Scott Neely
49,Scooby-Doo Where Are You,Sholly Fisch
50,Scooby-Doo Where Are You,Geirgia Ball
51,Scooby-Doo Where Are You,Sholly Fisch
52,Scooby-Doo Where Are You,Sholly Fisch
53,Scooby-Doo Where Are You,Geirgia Ball
54,Scooby-Doo Where Are You,Geirgia Ball
55,Scooby-Doo Where Are You,Sholly Fisch
56,Scooby-Doo Where Are You,Matthew K. Manning
57,Scooby-Doo Where Are You,Scott Gross
58,Scooby-Doo Where Are You,Geirgia Ball
59,Scooby-Doo Where Are You,Geirgia Ball
60,Scooby-Doo Where Are You,Scott Gross
61,Scooby-Doo Where Are You,Sholly Fisch
62,Scooby-Doo Where Are You,Scott Gross
63,Scooby-Doo Where Are You,Derek Fridolfs
64,Scooby-Doo Where Are You,Derek Fridolfs
65,Scooby-Doo Where Are You,Sholly Fisch
66,Scooby-Doo Where Are You,Ivan Cohen
67,Scooby-Doo Where Are You,Sholly Fisch
68,Scooby-Doo Where Are You,Sholly Fisch
69,Scooby-Doo Where Are You,Derek Fridolfs
70,Scooby-Doo Where Are You,Sholly Fisch
71,Scooby-Doo Where Are You,Sholly Fisch
72,Scooby-Doo Where Are You,Sholly Fisch
73,Scooby-Doo Where Are You,Derek Fridolfs
74,Scooby-Doo Where Are You,Ivan Cohen
75,Scooby-Doo Where Are You,Sholly Fisch
76,Scooby-Doo Where Are You,Sholly Fisch
77,Scooby-Doo Where Are You,Ivan Cohen
78,Scooby-Doo Where Are You,Derek Fridolfs
79,Scooby-Doo Where Are You,Ivan Cohen
80,Scooby-Doo Where Are You,Derek Fridolfs
81,Scooby-Doo Where Are You,Derek Fridolfs
82,Scooby-Doo Where Are You,Sholly Fisch
83,Scooby-Doo Where Are You,Derek Fridolfs
84,Scooby-Doo Where Are You,Sholly Fisch
85,Scooby-Doo Where Are You,Derek Fridolfs
86,Scooby-Doo Where Are You,Ivan Cohen
87,Scooby-Doo Where Are You,Sholly Fisch
88,Scooby-Doo Where Are You,Derek Fridolfs
89,Scooby-Doo Where Are You,Rob M. Worley
90,Scooby-Doo Where Are You,Sholly Fisch
91,Scooby-Doo Where Are You,Derek Fridolfs
92,Scooby-Doo Where Are You,Ivan Cohen
93,Scooby-Doo Where Are You,Sholly Fisch
94,Scooby-Doo Where Are You,Sholly Fisch
95,Scooby-Doo Where Are You,Derek Fridolfs
96,Scooby-Doo Where Are You,Ivan Cohen
97,Scooby-Doo Where Are You,Sholly Fisch
98,Scooby-Doo Where Are You,Derek Fridolfs
99,Scooby-Doo Where Are You,Sholly Fisch
100,Scooby-Doo Where Are You,Sholly Fisch
101,Scooby-Doo Where Are You,Sholly Fisch
102,Scooby-Doo Where Are You,Derek Fridolfs
103,Scooby-Doo Where Are You,Ivan Cohen
104,Scooby-Doo Where Are You,Sholly Fisch
105,Scooby-Doo Where Are You,Sholly Fisch
106,Scooby-Doo Where Are You,Sholly Fisch
107,Scooby-Doo Where Are You,Derek Fridolfs
108,Scooby-Doo Where Are You,Sholly Fisch
109,Scooby-Doo Where Are You,Derek Fridolfs
110,Scooby-Doo Where Are You,Sholly Fisch
111,Scooby-Doo Where Are You,Derek Fridolfs
112,Scooby-Doo Where Are You,Derek Fridolfs
113,Scooby-Doo Where Are You,Ivan Cohen
114,Scooby-Doo Where Are You,Sholly Fisch
115,Scooby-Doo Where Are You,Derek Fridolfs
116,Scooby-Doo Where Are You,Sholly Fisch
117,Scooby-Doo Where Are You,Sholly Fisch
118,Scooby-Doo Where Are You,Ivan Cohen