path,Extension,,,,,startnumber,prefix,author,,,,filename
C:\temp2\spawn\Spawn 001(1992)(Digital)(TLK-EMPIRE-HD).cbr,.cbr,1,0,,,1,Spawn,Todd McFarlane,,by,,Spawn - 01 by Todd McFarlane.cbr
C:\temp2\spawn\Spawn 002(1992)(Digital)(TLK-EMPIRE-HD).cbr,.cbr,2,0,,,2,Spawn,Todd McFarlane,,by,,Spawn - 02 by Todd McFarlane.cbr
C:\temp2\spawn\Spawn 003(1992)(Digital)(TLK-EMPIRE-HD).cbr,.cbr,3,0,,,3,Spawn,Todd McFarlane,,by,,Spawn - 03 by Todd McFarlane.cbr
C:\temp2\spawn\Spawn 004(1992)(Digital)(TLK-EMPIRE-HD).cbr,.cbr,4,0,,,4,Spawn,Todd McFarlane,,by,,Spawn - 04 by Todd McFarlane.cbr
C:\temp2\spawn\Spawn 005(1992)(Digital)(TLK-EMPIRE-HD).cbr,.cbr,5,0,,,5,Spawn,Todd McFarlane,,by,,Spawn - 05 by Todd McFarlane.cbr
C:\temp2\spawn\Spawn 006(1992)(Digital)(TLK-EMPIRE-HD).cbr,.cbr,6,0,,,6,Spawn,Todd McFarlane,,by,,Spawn - 06 by Todd McFarlane.cbr
C:\temp2\spawn\Spawn 007(1993)(Digital)(TLK-EMPIRE-HD).cbr,.cbr,7,0,,,7,Spawn,Todd McFarlane,,by,,Spawn - 07 by Todd McFarlane.cbr
C:\temp2\spawn\Spawn 008(1993)(Digital)(TLK-EMPIRE-HD).cbr,.cbr,8,0,,,8,Spawn,Alan Moore,,by,,Spawn - 08 by Alan Moore.cbr
C:\temp2\spawn\Spawn 009(1993)(Digital)(TLK-EMPIRE-HD).cbr,.cbr,9,0,,,9,Spawn,Neil Gaiman,,by,,Spawn - 09 by Neil Gaiman.cbr
C:\temp2\spawn\Spawn 010(1993)(Digital)(TLK-EMPIRE-HD).cbr,.cbr,10,0,,,10,Spawn,Dave Sim,,by,,Spawn - 010 by Dave Sim.cbr
C:\temp2\spawn\Spawn 011(1993)(Digital)(TLK-EMPIRE-HD).cbr,.cbr,11,0,,,11,Spawn,Frank Miller,,by,,Spawn - 011 by Frank Miller.cbr
C:\temp2\spawn\Spawn 012(1993)(Digital)(TLK-EMPIRE-HD).cbr,.cbr,12,0,,,12,Spawn,Todd McFarlane,,by,,Spawn - 012 by Todd McFarlane.cbr
C:\temp2\spawn\Spawn 013(1993)(Digital)(TLK-EMPIRE-HD).cbr,.cbr,13,0,,,13,Spawn,Todd McFarlane,,by,,Spawn - 013 by Todd McFarlane.cbr
C:\temp2\spawn\Spawn 014(1993)(Digital)(TLK-EMPIRE-HD).cbr,.cbr,14,0,,,14,Spawn,Todd McFarlane,,by,,Spawn - 014 by Todd McFarlane.cbr
C:\temp2\spawn\Spawn 015(1993)(Digital)(TLK-EMPIRE-HD).cbr,.cbr,15,0,,,15,Spawn,Todd McFarlane,,by,,Spawn - 015 by Todd McFarlane.cbr
C:\temp2\spawn\Spawn 016(1993)(Digital)(TLK-EMPIRE-HD).cbr,.cbr,16,0,,,16,Spawn,Grant Morrison,,by,,Spawn - 016 by Grant Morrison.cbr
C:\temp2\spawn\Spawn 017(1994)(Digital)(TLK-EMPIRE-HD).cbr,.cbr,17,0,,,17,Spawn,Grant Morrison,,by,,Spawn - 017 by Grant Morrison.cbr
C:\temp2\spawn\Spawn 018(1994)(Digital)(TLK-EMPIRE-HD).cbr,.cbr,18,0,,,18,Spawn,Grant Morrison,,by,,Spawn - 018 by Grant Morrison.cbr
C:\temp2\spawn\Spawn 019(1994)(Digital)(TLK-EMPIRE-HD).cbr,.cbr,19,0,,,19,Spawn,Andrew Grossberg,,by,,Spawn - 019 by Andrew Grossberg.cbr
C:\temp2\spawn\Spawn 020(1994)(Digital)(TLK-EMPIRE-HD).cbr,.cbr,20,0,,,20,Spawn,Andrew Grossberg,,by,,Spawn - 020 by Andrew Grossberg.cbr
C:\temp2\spawn\Spawn 021(1994)(Digital)(TLK-EMPIRE-HD).cbr,.cbr,21,0,,,21,Spawn,Todd McFarlane,,by,,Spawn - 021 by Todd McFarlane.cbr
C:\temp2\spawn\Spawn 022(1994)(Digital)(TLK-EMPIRE-HD).cbr,.cbr,22,0,,,22,Spawn,Todd McFarlane,,by,,Spawn - 022 by Todd McFarlane.cbr
C:\temp2\spawn\Spawn 023(1994)(Digital)(TLK-EMPIRE-HD).cbr,.cbr,23,0,,,23,Spawn,Todd McFarlane,,by,,Spawn - 023 by Todd McFarlane.cbr
C:\temp2\spawn\Spawn 024(1994)(Digital)(TLK-EMPIRE-HD).cbr,.cbr,24,0,,,24,Spawn,Todd McFarlane,,by,,Spawn - 024 by Todd McFarlane.cbr
C:\temp2\spawn\Spawn 025(1994)(Digital)(TLK-EMPIRE-HD).cbr,.cbr,25,0,,,25,Spawn,Todd McFarlane,,by,,Spawn - 025 by Todd McFarlane.cbr
C:\temp2\spawn\Spawn 026(1994)(Digital)(TLK-EMPIRE-HD).cbr,.cbr,26,0,,,26,Spawn,Todd McFarlane,,by,,Spawn - 026 by Todd McFarlane.cbr
C:\temp2\spawn\Spawn 027(1995)(Digital)(TLK-EMPIRE-HD).cbr,.cbr,27,0,,,27,Spawn,Todd McFarlane,,by,,Spawn - 027 by Todd McFarlane.cbr
C:\temp2\spawn\Spawn 028(1995)(Digital)(TLK-EMPIRE-HD).cbr,.cbr,28,0,,,28,Spawn,Todd McFarlane,,by,,Spawn - 028 by Todd McFarlane.cbr
C:\temp2\spawn\Spawn 029(1995)(Digital)(TLK-EMPIRE-HD).cbr,.cbr,29,0,,,29,Spawn,Todd McFarlane,,by,,Spawn - 029 by Todd McFarlane.cbr
C:\temp2\spawn\Spawn 030(1995)(Digital)(TLK-EMPIRE-HD).cbr,.cbr,30,0,,,30,Spawn,Todd McFarlane,,by,,Spawn - 030 by Todd McFarlane.cbr
C:\temp2\spawn\Spawn 031(1995)(Digital)(TLK-EMPIRE-HD).cbr,.cbr,31,0,,,31,Spawn,Todd McFarlane,,by,,Spawn - 031 by Todd McFarlane.cbr
C:\temp2\spawn\Spawn 032(1995)(Digital)(TLK-EMPIRE-HD).cbr,.cbr,32,0,,,32,Spawn,Alan Moore,,by,,Spawn - 032 by Alan Moore.cbr
C:\temp2\spawn\Spawn 033(1995)(Digital)(TLK-EMPIRE-HD).cbr,.cbr,33,0,,,33,Spawn,Todd McFarlane,,by,,Spawn - 033 by Todd McFarlane.cbr
C:\temp2\spawn\Spawn 034(1995)(Digital)(TLK-EMPIRE-HD).cbr,.cbr,34,0,,,34,Spawn,Todd McFarlane,,by,,Spawn - 034 by Todd McFarlane.cbr
C:\temp2\spawn\Spawn 035(1995)(Digital)(TLK-EMPIRE-HD).cbr,.cbr,35,0,,,35,Spawn,Todd McFarlane,,by,,Spawn - 035 by Todd McFarlane.cbr
C:\temp2\spawn\Spawn 036(1995)(Digital)(TLK-EMPIRE-HD).cbr,.cbr,36,0,,,36,Spawn,Todd McFarlane,,by,,Spawn - 036 by Todd McFarlane.cbr
C:\temp2\spawn\Spawn 037(1995)(Digital)(TLK-EMPIRE-HD).cbr,.cbr,37,0,,,37,Spawn,Todd McFarlane,,by,,Spawn - 037 by Todd McFarlane.cbr
C:\temp2\spawn\Spawn 038(1995)(Digital)(TLK-EMPIRE-HD).cbr,.cbr,38,0,,,38,Spawn,Todd McFarlane,,by,,Spawn - 038 by Todd McFarlane.cbr
C:\temp2\spawn\Spawn 039(1995)(Digital)(TLK-EMPIRE-HD).cbr,.cbr,39,0,,,39,Spawn,Todd McFarlane,,by,,Spawn - 039 by Todd McFarlane.cbr
C:\temp2\spawn\Spawn 040(1996)(Digital)(TLK-EMPIRE-HD).cbr,.cbr,40,0,,,40,Spawn,Todd McFarlane,,by,,Spawn - 040 by Todd McFarlane.cbr
C:\temp2\spawn\Spawn 041(1996)(Digital)(TLK-EMPIRE-HD).cbr,.cbr,41,0,,,41,Spawn,Todd McFarlane,,by,,Spawn - 041 by Todd McFarlane.cbr
C:\temp2\spawn\Spawn 042(1996)(Digital)(TLK-EMPIRE-HD).cbr,.cbr,42,0,,,42,Spawn,Todd McFarlane,,by,,Spawn - 042 by Todd McFarlane.cbr
C:\temp2\spawn\Spawn 043(1996)(Digital)(TLK-EMPIRE-HD).cbr,.cbr,43,0,,,43,Spawn,Todd McFarlane,,by,,Spawn - 043 by Todd McFarlane.cbr
C:\temp2\spawn\Spawn 044(1996)(Digital)(TLK-EMPIRE-HD).cbr,.cbr,44,0,,,44,Spawn,Todd McFarlane,,by,,Spawn - 044 by Todd McFarlane.cbr
C:\temp2\spawn\Spawn 045(1996)(Digital)(TLK-EMPIRE-HD).cbr,.cbr,45,0,,,45,Spawn,Todd McFarlane,,by,,Spawn - 045 by Todd McFarlane.cbr
C:\temp2\spawn\Spawn 046(1996)(Digital)(TLK-EMPIRE-HD).cbr,.cbr,46,0,,,46,Spawn,Todd McFarlane,,by,,Spawn - 046 by Todd McFarlane.cbr
C:\temp2\spawn\Spawn 047(1996)(Digital)(TLK-EMPIRE-HD).cbr,.cbr,47,0,,,47,Spawn,Todd McFarlane,,by,,Spawn - 047 by Todd McFarlane.cbr
C:\temp2\spawn\Spawn 048(1996)(Digital)(TLK-EMPIRE-HD).cbr,.cbr,48,0,,,48,Spawn,Todd McFarlane,,by,,Spawn - 048 by Todd McFarlane.cbr
C:\temp2\spawn\Spawn 049(1996)(Digital)(TLK-EMPIRE-HD).cbr,.cbr,49,0,,,49,Spawn,Todd McFarlane,,by,,Spawn - 049 by Todd McFarlane.cbr
C:\temp2\spawn\Spawn 050(1996)(Digital)(TLK-EMPIRE-HD).cbr,.cbr,50,0,,,50,Spawn,Todd McFarlane,,by,,Spawn - 050 by Todd McFarlane.cbr
C:\temp2\spawn\Spawn 051(1996)(Digital)(TLK-EMPIRE-HD).cbr,.cbr,51,0,,,51,Spawn,Todd McFarlane,,by,,Spawn - 051 by Todd McFarlane.cbr
C:\temp2\spawn\Spawn 052(1996)(Digital)(TLK-EMPIRE-HD).cbr,.cbr,52,0,,,52,Spawn,Todd McFarlane,,by,,Spawn - 052 by Todd McFarlane.cbr
C:\temp2\spawn\Spawn 053(1996)(Digital)(TLK-EMPIRE-HD).cbr,.cbr,53,0,,,53,Spawn,Todd McFarlane,,by,,Spawn - 053 by Todd McFarlane.cbr
C:\temp2\spawn\Spawn 054(1996)(Digital)(TLK-EMPIRE-HD).cbr,.cbr,54,0,,,54,Spawn,Todd McFarlane,,by,,Spawn - 054 by Todd McFarlane.cbr
C:\temp2\spawn\Spawn 055(1996)(Digital)(TLK-EMPIRE-HD).cbr,.cbr,55,0,,,55,Spawn,Todd McFarlane,,by,,Spawn - 055 by Todd McFarlane.cbr
C:\temp2\spawn\Spawn 056(1996)(Digital)(TLK-EMPIRE-HD).cbr,.cbr,56,0,,,56,Spawn,Todd McFarlane,,by,,Spawn - 056 by Todd McFarlane.cbr
C:\temp2\spawn\Spawn 057(1997)(Digital)(TLK-EMPIRE-HD).cbr,.cbr,57,0,,,57,Spawn,Todd McFarlane,,by,,Spawn - 057 by Todd McFarlane.cbr
C:\temp2\spawn\Spawn 058(1997)(Digital)(TLK-EMPIRE-HD).cbr,.cbr,58,0,,,58,Spawn,Todd McFarlane,,by,,Spawn - 058 by Todd McFarlane.cbr
C:\temp2\spawn\Spawn 059(1997)(Digital)(TLK-EMPIRE-HD).cbr,.cbr,59,0,,,59,Spawn,Todd McFarlane,,by,,Spawn - 059 by Todd McFarlane.cbr
C:\temp2\spawn\Spawn 060(1997)(Digital)(TLK-EMPIRE-HD).cbr,.cbr,60,0,,,60,Spawn,Todd McFarlane,,by,,Spawn - 060 by Todd McFarlane.cbr
C:\temp2\spawn\Spawn 061(1997)(Digital)(TLK-EMPIRE-HD).cbr,.cbr,61,0,,,61,Spawn,Todd McFarlane,,by,,Spawn - 061 by Todd McFarlane.cbr
C:\temp2\spawn\Spawn 062(1997)(Digital)(TLK-EMPIRE-HD).cbr,.cbr,62,0,,,62,Spawn,Todd McFarlane,,by,,Spawn - 062 by Todd McFarlane.cbr
C:\temp2\spawn\Spawn 063(1997)(Digital)(TLK-EMPIRE-HD).cbr,.cbr,63,0,,,63,Spawn,Todd McFarlane,,by,,Spawn - 063 by Todd McFarlane.cbr
C:\temp2\spawn\Spawn 064(1997)(Digital)(TLK-EMPIRE-HD).cbr,.cbr,64,0,,,64,Spawn,Todd McFarlane,,by,,Spawn - 064 by Todd McFarlane.cbr
C:\temp2\spawn\Spawn 065(1997)(Digital)(TLK-EMPIRE-HD).cbr,.cbr,65,0,,,65,Spawn,Todd McFarlane,,by,,Spawn - 065 by Todd McFarlane.cbr
C:\temp2\spawn\Spawn 066(1997)(Digital)(TLK-EMPIRE-HD).cbr,.cbr,66,0,,,66,Spawn,Todd McFarlane,,by,,Spawn - 066 by Todd McFarlane.cbr
C:\temp2\spawn\Spawn 067(1997)(Digital)(TLK-EMPIRE-HD).cbr,.cbr,67,0,,,67,Spawn,Todd McFarlane,,by,,Spawn - 067 by Todd McFarlane.cbr
C:\temp2\spawn\Spawn 068(1998)(Digital)(TLK-EMPIRE-HD).cbr,.cbr,68,0,,,68,Spawn,Todd McFarlane,,by,,Spawn - 068 by Todd McFarlane.cbr
C:\temp2\spawn\Spawn 069(1998)(Digital)(TLK-EMPIRE-HD).cbr,.cbr,69,0,,,69,Spawn,Todd McFarlane,,by,,Spawn - 069 by Todd McFarlane.cbr
C:\temp2\spawn\Spawn 070(1998)(Digital)(TLK-EMPIRE-HD).cbr,.cbr,70,0,,,70,Spawn,Todd McFarlane,,by,,Spawn - 070 by Todd McFarlane.cbr
C:\temp2\spawn\Spawn 071(1998)(Digital)(TLK-EMPIRE-HD).cbr,.cbr,71,0,,,71,Spawn,Brian Holguin,,by,,Spawn - 071 by Brian Holguin.cbr
C:\temp2\spawn\Spawn 072(1998)(Digital)(TLK-EMPIRE-HD).cbr,.cbr,72,0,,,72,Spawn,Brian Holguin,,by,,Spawn - 072 by Brian Holguin.cbr
C:\temp2\spawn\Spawn 073(1998)(Digital)(TLK-EMPIRE-HD).cbr,.cbr,73,0,,,73,Spawn,Brian Holguin,,by,,Spawn - 073 by Brian Holguin.cbr
C:\temp2\spawn\Spawn 074(1998)(Digital)(TLK-EMPIRE-HD).cbr,.cbr,74,0,,,74,Spawn,Brian Holguin,,by,,Spawn - 074 by Brian Holguin.cbr
C:\temp2\spawn\Spawn 075(1998)(Digital)(TLK-EMPIRE-HD).cbr,.cbr,75,0,,,75,Spawn,Brian Holguin,,by,,Spawn - 075 by Brian Holguin.cbr
C:\temp2\spawn\Spawn 076(1998)(Digital)(TLK-EMPIRE-HD).cbr,.cbr,76,0,,,76,Spawn,Todd McFarlane,,by,,Spawn - 076 by Todd McFarlane.cbr
C:\temp2\spawn\Spawn 077(1998)(Digital)(TLK-EMPIRE-HD).cbr,.cbr,77,0,,,77,Spawn,Brian Holguin,,by,,Spawn - 077 by Brian Holguin.cbr
C:\temp2\spawn\Spawn 078(1998)(Digital)(TLK-EMPIRE-HD).cbr,.cbr,78,0,,,78,Spawn,Todd McFarlane,,by,,Spawn - 078 by Todd McFarlane.cbr
C:\temp2\spawn\Spawn 079(1999)(Digital)(TLK-EMPIRE-HD).cbr,.cbr,79,0,,,79,Spawn,Todd McFarlane,,by,,Spawn - 079 by Todd McFarlane.cbr
C:\temp2\spawn\Spawn 080(1999)(Digital)(TLK-EMPIRE-HD).cbr,.cbr,80,0,,,80,Spawn,Todd McFarlane,,by,,Spawn - 080 by Todd McFarlane.cbr
C:\temp2\spawn\Spawn 081(1999)(Digital)(TLK-EMPIRE-HD).cbr,.cbr,81,0,,,81,Spawn,Brian Holguin,,by,,Spawn - 081 by Brian Holguin.cbr
C:\temp2\spawn\Spawn 082(1999)(Digital)(TLK-EMPIRE-HD).cbr,.cbr,82,0,,,82,Spawn,Brian Holguin,,by,,Spawn - 082 by Brian Holguin.cbr
C:\temp2\spawn\Spawn 083(1999)(Digital)(TLK-EMPIRE-HD).cbr,.cbr,83,0,,,83,Spawn,Brian Holguin,,by,,Spawn - 083 by Brian Holguin.cbr
C:\temp2\spawn\Spawn 084(1999)(Digital)(TLK-EMPIRE-HD).cbr,.cbr,84,0,,,84,Spawn,Brian Holguin,,by,,Spawn - 084 by Brian Holguin.cbr
C:\temp2\spawn\Spawn 085(1999)(Digital)(TLK-EMPIRE-HD).cbr,.cbr,85,0,,,85,Spawn,Brian Holguin,,by,,Spawn - 085 by Brian Holguin.cbr
C:\temp2\spawn\Spawn 086(1999)(Digital)(TLK-EMPIRE-HD).cbr,.cbr,86,0,,,86,Spawn,Brian Holguin,,by,,Spawn - 086 by Brian Holguin.cbr
C:\temp2\spawn\Spawn 087(1999)(Digital)(TLK-EMPIRE-HD).cbr,.cbr,87,0,,,87,Spawn,Brian Holguin,,by,,Spawn - 087 by Brian Holguin.cbr
C:\temp2\spawn\Spawn 088(1999)(Digital)(TLK-EMPIRE-HD).cbr,.cbr,88,0,,,88,Spawn,Brian Holguin,,by,,Spawn - 088 by Brian Holguin.cbr
C:\temp2\spawn\Spawn 089(1999)(Digital)(TLK-EMPIRE-HD).cbr,.cbr,89,0,,,89,Spawn,Brian Holguin,,by,,Spawn - 089 by Brian Holguin.cbr
C:\temp2\spawn\Spawn 090(1999)(Digital)(TLK-EMPIRE-HD).cbr,.cbr,90,0,,,90,Spawn,Brian Holguin,,by,,Spawn - 090 by Brian Holguin.cbr
C:\temp2\spawn\Spawn 091(2000)(Digital)(TLK-EMPIRE-HD).cbr,.cbr,91,0,,,91,Spawn,Brian Holguin,,by,,Spawn - 091 by Brian Holguin.cbr
C:\temp2\spawn\Spawn 092(2000)(Digital)(TLK-EMPIRE-HD).cbr,.cbr,92,0,,,92,Spawn,Brian Holguin,,by,,Spawn - 092 by Brian Holguin.cbr
C:\temp2\spawn\Spawn 093(2000)(Digital)(TLK-EMPIRE-HD).cbr,.cbr,93,0,,,93,Spawn,Brian Holguin,,by,,Spawn - 093 by Brian Holguin.cbr
C:\temp2\spawn\Spawn 094(2000)(Digital)(TLK-EMPIRE-HD).cbr,.cbr,94,0,,,94,Spawn,Brian Holguin,,by,,Spawn - 094 by Brian Holguin.cbr
C:\temp2\spawn\Spawn 095(2000)(Digital)(TLK-EMPIRE-HD).cbr,.cbr,95,0,,,95,Spawn,Brian Holguin,,by,,Spawn - 095 by Brian Holguin.cbr
C:\temp2\spawn\Spawn 096(2000)(Digital)(TLK-EMPIRE-HD).cbr,.cbr,96,0,,,96,Spawn,Brian Holguin,,by,,Spawn - 096 by Brian Holguin.cbr
C:\temp2\spawn\Spawn 097(2000)(Digital)(TLK-EMPIRE-HD).cbr,.cbr,97,0,,,97,Spawn,Brian Holguin,,by,,Spawn - 097 by Brian Holguin.cbr
C:\temp2\spawn\Spawn 098(2000)(Digital)(TLK-EMPIRE-HD).cbr,.cbr,98,0,,,98,Spawn,Brian Holguin,,by,,Spawn - 098 by Brian Holguin.cbr
C:\temp2\spawn\Spawn 099(2000)(Digital)(TLK-EMPIRE-HD).cbr,.cbr,99,0,,,99,Spawn,Brian Holguin,,by,,Spawn - 099 by Brian Holguin.cbr
C:\temp2\spawn\Spawn 100(2000)(Digital)(TLK-EMPIRE-HD).cbr,.cbr,100,0,,,100,Spawn,Brian Holguin,,by,,Spawn - 0100 by Brian Holguin.cbr
C:\temp2\spawn\Spawn 101(2000)(Digital)(TLK-EMPIRE-HD).cbr,.cbr,101,0,,,101,Spawn,Todd McFarlane,,by,,Spawn - 0101 by Todd McFarlane.cbr
C:\temp2\spawn\Spawn 102(2000)(Digital)(TLK-EMPIRE-HD).cbr,.cbr,102,0,,,102,Spawn,Brian Holguin,,by,,Spawn - 0102 by Brian Holguin.cbr
C:\temp2\spawn\Spawn 103(2001)(Digital)(TLK-EMPIRE-HD).cbr,.cbr,103,0,,,103,Spawn,Brian Holguin,,by,,Spawn - 0103 by Brian Holguin.cbr
C:\temp2\spawn\Spawn 104(2001)(Digital)(TLK-EMPIRE-HD).cbr,.cbr,104,0,,,104,Spawn,Brian Holguin,,by,,Spawn - 0104 by Brian Holguin.cbr
C:\temp2\spawn\Spawn 105(2001)(Digital)(TLK-EMPIRE-HD).cbr,.cbr,105,0,,,105,Spawn,Steve Niles,,by,,Spawn - 0105 by Steve Niles.cbr
C:\temp2\spawn\Spawn 106(2001)(Digital)(TLK-EMPIRE-HD).cbr,.cbr,106,0,,,106,Spawn,Steve Niles,,by,,Spawn - 0106 by Steve Niles.cbr
C:\temp2\spawn\Spawn 107(2001)(Digital)(TLK-EMPIRE-HD).cbr,.cbr,107,0,,,107,Spawn,Brian Holguin,,by,,Spawn - 0107 by Brian Holguin.cbr
C:\temp2\spawn\Spawn 108(2001)(Digital)(TLK-EMPIRE-HD).cbr,.cbr,108,0,,,108,Spawn,Brian Holguin,,by,,Spawn - 0108 by Brian Holguin.cbr
C:\temp2\spawn\Spawn 109(2001)(Digital)(TLK-EMPIRE-HD).cbr,.cbr,109,0,,,109,Spawn,Brian Holguin,,by,,Spawn - 0109 by Brian Holguin.cbr
C:\temp2\spawn\Spawn 110(2001)(Digital)(TLK-EMPIRE-HD).cbr,.cbr,110,0,,,110,Spawn,Brian Holguin,,by,,Spawn - 0110 by Brian Holguin.cbr
C:\temp2\spawn\Spawn 111(2001)(Digital)(TLK-EMPIRE-HD).cbr,.cbr,111,0,,,111,Spawn,Brian Holguin,,by,,Spawn - 0111 by Brian Holguin.cbr
C:\temp2\spawn\Spawn 112(2001)(Digital)(TLK-EMPIRE-HD).cbr,.cbr,112,0,,,112,Spawn,Brian Holguin,,by,,Spawn - 0112 by Brian Holguin.cbr
C:\temp2\spawn\Spawn 113(2001)(Digital)(TLK-EMPIRE-HD).cbr,.cbr,113,0,,,113,Spawn,Brian Holguin,,by,,Spawn - 0113 by Brian Holguin.cbr
C:\temp2\spawn\Spawn 114(2002)(Digital)(TLK-EMPIRE-HD).cbr,.cbr,114,0,,,114,Spawn,Brian Holguin,,by,,Spawn - 0114 by Brian Holguin.cbr
C:\temp2\spawn\Spawn 115(2002)(Digital)(TLK-EMPIRE-HD).cbr,.cbr,115,0,,,115,Spawn,Brian Holguin,,by,,Spawn - 0115 by Brian Holguin.cbr
C:\temp2\spawn\Spawn 116(2002)(Digital)(TLK-EMPIRE-HD).cbr,.cbr,116,0,,,116,Spawn,Brian Holguin,,by,,Spawn - 0116 by Brian Holguin.cbr
C:\temp2\spawn\Spawn 117(2002)(Digital)(TLK-EMPIRE-HD).cbr,.cbr,117,0,,,117,Spawn,Brian Holguin,,by,,Spawn - 0117 by Brian Holguin.cbr
C:\temp2\spawn\Spawn 118(2002)(Digital)(TLK-EMPIRE-HD).cbr,.cbr,118,0,,,118,Spawn,Brian Holguin,,by,,Spawn - 0118 by Brian Holguin.cbr
C:\temp2\spawn\Spawn 119(2002)(Digital)(TLK-EMPIRE-HD).cbr,.cbr,119,0,,,119,Spawn,Brian Holguin,,by,,Spawn - 0119 by Brian Holguin.cbr
C:\temp2\spawn\Spawn 120(2002)(Digital)(TLK-EMPIRE-HD).cbr,.cbr,120,0,,,120,Spawn,Brian Holguin,,by,,Spawn - 0120 by Brian Holguin.cbr
C:\temp2\spawn\Spawn 121(2002)(Digital)(TLK-EMPIRE-HD).cbr,.cbr,121,0,,,121,Spawn,Brian Holguin,,by,,Spawn - 0121 by Brian Holguin.cbr
C:\temp2\spawn\Spawn 122(2003)(Digital)(TLK-EMPIRE-HD).cbr,.cbr,122,0,,,122,Spawn,Brian Holguin,,by,,Spawn - 0122 by Brian Holguin.cbr
C:\temp2\spawn\Spawn 123(2003)(Digital)(TLK-EMPIRE-HD).cbr,.cbr,123,0,,,123,Spawn,Brian Holguin,,by,,Spawn - 0123 by Brian Holguin.cbr
C:\temp2\spawn\Spawn 124(2003)(Digital)(TLK-EMPIRE-HD).cbr,.cbr,124,0,,,124,Spawn,Brian Holguin,,by,,Spawn - 0124 by Brian Holguin.cbr
C:\temp2\spawn\Spawn 125(2003)(Digital)(TLK-EMPIRE-HD).cbr,.cbr,125,0,,,125,Spawn,Brian Holguin,,by,,Spawn - 0125 by Brian Holguin.cbr
C:\temp2\spawn\Spawn 126(2003)(Digital)(TLK-EMPIRE-HD).cbr,.cbr,126,0,,,126,Spawn,Brian Holguin,,by,,Spawn - 0126 by Brian Holguin.cbr
C:\temp2\spawn\Spawn 127(2003)(Digital)(TLK-EMPIRE-HD).cbr,.cbr,127,0,,,127,Spawn,Brian Holguin,,by,,Spawn - 0127 by Brian Holguin.cbr
C:\temp2\spawn\Spawn 128(2003)(Digital)(TLK-EMPIRE-HD).cbr,.cbr,128,0,,,128,Spawn,Brian Holguin,,by,,Spawn - 0128 by Brian Holguin.cbr
C:\temp2\spawn\Spawn 129(2003)(Digital)(TLK-EMPIRE-HD).cbr,.cbr,129,0,,,129,Spawn,Brian Holguin,,by,,Spawn - 0129 by Brian Holguin.cbr
C:\temp2\spawn\Spawn 130(2003)(Digital)(TLK-EMPIRE-HD).cbr,.cbr,130,0,,,130,Spawn,Brian Holguin,,by,,Spawn - 0130 by Brian Holguin.cbr
C:\temp2\spawn\Spawn 131(2003)(Digital)(TLK-EMPIRE-HD).cbr,.cbr,131,0,,,131,Spawn,Brian Holguin,,by,,Spawn - 0131 by Brian Holguin.cbr
C:\temp2\spawn\Spawn 132(2003)(Digital)(TLK-EMPIRE-HD).cbr,.cbr,132,0,,,132,Spawn,Brian Holguin,,by,,Spawn - 0132 by Brian Holguin.cbr
C:\temp2\spawn\Spawn 133(2004)(Digital)(TLK-EMPIRE-HD).cbr,.cbr,133,0,,,133,Spawn,Brian Holguin,,by,,Spawn - 0133 by Brian Holguin.cbr
C:\temp2\spawn\Spawn 134(2004)(Digital)(TLK-EMPIRE-HD).cbr,.cbr,134,0,,,134,Spawn,Brian Holguin,,by,,Spawn - 0134 by Brian Holguin.cbr
C:\temp2\spawn\Spawn 135(2004)(Digital)(TLK-EMPIRE-HD).cbr,.cbr,135,0,,,135,Spawn,Brian Holguin,,by,,Spawn - 0135 by Brian Holguin.cbr
C:\temp2\spawn\Spawn 136(2004)(Digital)(TLK-EMPIRE-HD).cbr,.cbr,136,0,,,136,Spawn,Brian Holguin,,by,,Spawn - 0136 by Brian Holguin.cbr
C:\temp2\spawn\Spawn 137(2004)(Digital)(TLK-EMPIRE-HD).cbr,.cbr,137,0,,,137,Spawn,Brian Holguin,,by,,Spawn - 0137 by Brian Holguin.cbr
C:\temp2\spawn\Spawn 138(2004)(Digital)(TLK-EMPIRE-HD).cbr,.cbr,138,0,,,138,Spawn,Brian Holguin,,by,,Spawn - 0138 by Brian Holguin.cbr
C:\temp2\spawn\Spawn 139(2004)(Digital)(TLK-EMPIRE-HD).cbr,.cbr,139,0,,,139,Spawn,Brian Holguin,,by,,Spawn - 0139 by Brian Holguin.cbr
C:\temp2\spawn\Spawn 140(2004)(Digital)(TLK-EMPIRE-HD).cbr,.cbr,140,0,,,140,Spawn,Brian Holguin,,by,,Spawn - 0140 by Brian Holguin.cbr
C:\temp2\spawn\Spawn 141(2004)(Digital)(TLK-EMPIRE-HD).cbr,.cbr,141,0,,,141,Spawn,Brian Holguin,,by,,Spawn - 0141 by Brian Holguin.cbr
C:\temp2\spawn\Spawn 142(2005)(Digital)(TLK-EMPIRE-HD).cbr,.cbr,142,0,,,142,Spawn,Brian Holguin,,by,,Spawn - 0142 by Brian Holguin.cbr
C:\temp2\spawn\Spawn 143(2005)(Digital)(TLK-EMPIRE-HD).cbr,.cbr,143,0,,,143,Spawn,Brian Holguin,,by,,Spawn - 0143 by Brian Holguin.cbr
C:\temp2\spawn\Spawn 144(2005)(Digital)(TLK-EMPIRE-HD).cbr,.cbr,144,0,,,144,Spawn,Brian Holguin,,by,,Spawn - 0144 by Brian Holguin.cbr
C:\temp2\spawn\Spawn 145(2005)(Digital)(TLK-EMPIRE-HD).cbr,.cbr,145,0,,,145,Spawn,Brian Holguin,,by,,Spawn - 0145 by Brian Holguin.cbr
C:\temp2\spawn\Spawn 146(2005)(Digital)(TLK-EMPIRE-HD).cbr,.cbr,146,0,,,146,Spawn,Brian Holguin,,by,,Spawn - 0146 by Brian Holguin.cbr
C:\temp2\spawn\Spawn 147(2005)(Digital)(TLK-EMPIRE-HD).cbr,.cbr,147,0,,,147,Spawn,Brian Holguin,,by,,Spawn - 0147 by Brian Holguin.cbr
C:\temp2\spawn\Spawn 148(2005)(Digital)(TLK-EMPIRE-HD).cbr,.cbr,148,0,,,148,Spawn,Brian Holguin,,by,,Spawn - 0148 by Brian Holguin.cbr
C:\temp2\spawn\Spawn 149(2005)(Digital)(TLK-EMPIRE-HD).cbr,.cbr,149,0,,,149,Spawn,Brian Holguin,,by,,Spawn - 0149 by Brian Holguin.cbr
C:\temp2\spawn\Spawn 150(2005)(Digital)(TLK-EMPIRE-HD).cbr,.cbr,150,0,,,150,Spawn,Brian Holguin,,by,,Spawn - 0150 by Brian Holguin.cbr
C:\temp2\spawn\Spawn 151(2005)(Digital)(TLK-EMPIRE-HD).cbr,.cbr,151,0,,,151,Spawn,David Hine,,by,,Spawn - 0151 by David Hine.cbr
C:\temp2\spawn\Spawn 152(2006)(Digital)(TLK-EMPIRE-HD).cbr,.cbr,152,0,,,152,Spawn,David Hine,,by,,Spawn - 0152 by David Hine.cbr
C:\temp2\spawn\Spawn 153(2006)(Digital)(TLK-EMPIRE-HD).cbr,.cbr,153,0,,,153,Spawn,David Hine,,by,,Spawn - 0153 by David Hine.cbr
C:\temp2\spawn\Spawn 154(2006)(Digital)(TLK-EMPIRE-HD).cbr,.cbr,154,0,,,154,Spawn,David Hine,,by,,Spawn - 0154 by David Hine.cbr
C:\temp2\spawn\Spawn 155(2006)(Digital)(TLK-EMPIRE-HD).cbr,.cbr,155,0,,,155,Spawn,David Hine,,by,,Spawn - 0155 by David Hine.cbr
C:\temp2\spawn\Spawn 156(2006)(Digital)(TLK-EMPIRE-HD).cbr,.cbr,156,0,,,156,Spawn,David Hine,,by,,Spawn - 0156 by David Hine.cbr
C:\temp2\spawn\Spawn 157(2006)(Digital)(TLK-EMPIRE-HD).cbr,.cbr,157,0,,,157,Spawn,David Hine,,by,,Spawn - 0157 by David Hine.cbr
C:\temp2\spawn\Spawn 158(2006)(Digital)(TLK-EMPIRE-HD).cbr,.cbr,158,0,,,158,Spawn,David Hine,,by,,Spawn - 0158 by David Hine.cbr
C:\temp2\spawn\Spawn 159(2006)(Digital)(TLK-EMPIRE-HD).cbr,.cbr,159,0,,,159,Spawn,David Hine,,by,,Spawn - 0159 by David Hine.cbr
C:\temp2\spawn\Spawn 160(2006)(Digital)(TLK-EMPIRE-HD).cbr,.cbr,160,0,,,160,Spawn,David Hine,,by,,Spawn - 0160 by David Hine.cbr
C:\temp2\spawn\Spawn 161(2006)(Digital)(TLK-EMPIRE-HD).cbr,.cbr,161,0,,,161,Spawn,David Hine,,by,,Spawn - 0161 by David Hine.cbr
C:\temp2\spawn\Spawn 162(2006)(Digital)(TLK-EMPIRE-HD).cbr,.cbr,162,0,,,162,Spawn,David Hine,,by,,Spawn - 0162 by David Hine.cbr
C:\temp2\spawn\Spawn 163(2006)(Digital)(TLK-EMPIRE-HD).cbr,.cbr,163,0,,,163,Spawn,David Hine,,by,,Spawn - 0163 by David Hine.cbr
C:\temp2\spawn\Spawn 164(2007)(Digital)(TLK-EMPIRE-HD).cbr,.cbr,164,0,,,164,Spawn,David Hine,,by,,Spawn - 0164 by David Hine.cbr
C:\temp2\spawn\Spawn 165(2007)(Digital)(TLK-EMPIRE-HD).cbr,.cbr,165,0,,,165,Spawn,David Hine,,by,,Spawn - 0165 by David Hine.cbr
C:\temp2\spawn\Spawn 166(2007)(Digital)(TLK-EMPIRE-HD).cbr,.cbr,166,0,,,166,Spawn,David Hine,,by,,Spawn - 0166 by David Hine.cbr
C:\temp2\spawn\Spawn 167(2007)(Digital)(TLK-EMPIRE-HD).cbr,.cbr,167,0,,,167,Spawn,David Hine,,by,,Spawn - 0167 by David Hine.cbr
C:\temp2\spawn\Spawn 168(2007)(Digital)(TLK-EMPIRE-HD).cbr,.cbr,168,0,,,168,Spawn,David Hine,,by,,Spawn - 0168 by David Hine.cbr
C:\temp2\spawn\Spawn 169(2007)(Digital)(TLK-EMPIRE-HD).cbr,.cbr,169,0,,,169,Spawn,David Hine,,by,,Spawn - 0169 by David Hine.cbr
C:\temp2\spawn\Spawn 170(2007)(Digital)(TLK-EMPIRE-HD).cbr,.cbr,170,0,,,170,Spawn,David Hine,,by,,Spawn - 0170 by David Hine.cbr
C:\temp2\spawn\Spawn 171(2007)(Digital)(TLK-EMPIRE-HD).cbr,.cbr,171,0,,,171,Spawn,David Hine,,by,,Spawn - 0171 by David Hine.cbr
C:\temp2\spawn\Spawn 172(2008)(Digital)(TLK-EMPIRE-HD).cbr,.cbr,172,0,,,172,Spawn,David Hine,,by,,Spawn - 0172 by David Hine.cbr
C:\temp2\spawn\Spawn 173(2008)(Digital)(TLK-EMPIRE-HD).cbr,.cbr,173,0,,,173,Spawn,David Hine,,by,,Spawn - 0173 by David Hine.cbr
C:\temp2\spawn\Spawn 174(2008)(Digital)(TLK-EMPIRE-HD).cbr,.cbr,174,0,,,174,Spawn,David Hine,,by,,Spawn - 0174 by David Hine.cbr
C:\temp2\spawn\Spawn 175(2008)(Digital)(TLK-EMPIRE-HD).cbr,.cbr,175,0,,,175,Spawn,David Hine,,by,,Spawn - 0175 by David Hine.cbr
C:\temp2\spawn\Spawn 176(2008)(Digital)(TLK-EMPIRE-HD).cbr,.cbr,176,0,,,176,Spawn,David Hine,,by,,Spawn - 0176 by David Hine.cbr
C:\temp2\spawn\Spawn 177(2008)(Digital)(TLK-EMPIRE-HD).cbr,.cbr,177,0,,,177,Spawn,David Hine,,by,,Spawn - 0177 by David Hine.cbr
C:\temp2\spawn\Spawn 178(2008)(Digital)(TLK-EMPIRE-HD).cbr,.cbr,178,0,,,178,Spawn,David Hine,,by,,Spawn - 0178 by David Hine.cbr
C:\temp2\spawn\Spawn 179(2008)(Digital)(TLK-EMPIRE-HD).cbr,.cbr,179,0,,,179,Spawn,David Hine,,by,,Spawn - 0179 by David Hine.cbr
C:\temp2\spawn\Spawn 180(2008)(Digital)(TLK-EMPIRE-HD).cbr,.cbr,180,0,,,180,Spawn,Todd McFarlane,,by,,Spawn - 0180 by Todd McFarlane.cbr
C:\temp2\spawn\Spawn 181(2008)(Digital)(TLK-EMPIRE-HD).cbr,.cbr,181,0,,,181,Spawn,Todd McFarlane,,by,,Spawn - 0181 by Todd McFarlane.cbr
C:\temp2\spawn\Spawn 182(2008)(Digital)(TLK-EMPIRE-HD).cbr,.cbr,182,0,,,182,Spawn,Todd McFarlane,,by,,Spawn - 0182 by Todd McFarlane.cbr
C:\temp2\spawn\Spawn 183(2008)(Digital)(TLK-EMPIRE-HD).cbr,.cbr,183,0,,,183,Spawn,Todd McFarlane,,by,,Spawn - 0183 by Todd McFarlane.cbr
C:\temp2\spawn\Spawn 184(2008)(Digital)(TLK-EMPIRE-HD).cbr,.cbr,184,0,,,184,Spawn,Todd McFarlane,,by,,Spawn - 0184 by Todd McFarlane.cbr
C:\temp2\spawn\Spawn 185(2008)(Digital)(TLK-EMPIRE-HD).cbr,.cbr,185,0,,,185,Spawn,Brian Holguin,,by,,Spawn - 0185 by Brian Holguin.cbr
C:\temp2\spawn\Spawn 186(2008)(Digital)(TLK-EMPIRE-HD).cbr,.cbr,186,0,,,186,Spawn,Brian Holguin,,by,,Spawn - 0186 by Brian Holguin.cbr
C:\temp2\spawn\Spawn 187(2008)(Digital)(TLK-EMPIRE-HD).cbr,.cbr,187,0,,,187,Spawn,Brian Holguin,,by,,Spawn - 0187 by Brian Holguin.cbr
C:\temp2\spawn\Spawn 188(2009)(Digital)(TLK-EMPIRE-HD).cbr,.cbr,188,0,,,188,Spawn,Brian Holguin,,by,,Spawn - 0188 by Brian Holguin.cbr
C:\temp2\spawn\Spawn 189(2009)(Digital)(TLK-EMPIRE-HD).cbr,.cbr,189,0,,,189,Spawn,Brian Holguin,,by,,Spawn - 0189 by Brian Holguin.cbr
C:\temp2\spawn\Spawn 190(2009)(Digital)(TLK-EMPIRE-HD).cbr,.cbr,190,0,,,190,Spawn,Brian Holguin,,by,,Spawn - 0190 by Brian Holguin.cbr
C:\temp2\spawn\Spawn 191(2009)(Digital)(TLK-EMPIRE-HD).cbr,.cbr,191,0,,,191,Spawn,Todd McFarlane,,by,,Spawn - 0191 by Todd McFarlane.cbr
C:\temp2\spawn\Spawn 192(2009)(Digital)(TLK-EMPIRE-HD).cbr,.cbr,192,0,,,192,Spawn,Todd McFarlane,,by,,Spawn - 0192 by Todd McFarlane.cbr
C:\temp2\spawn\Spawn 193(2009)(Digital)(TLK-EMPIRE-HD).cbr,.cbr,193,0,,,193,Spawn,Todd McFarlane,,by,,Spawn - 0193 by Todd McFarlane.cbr
C:\temp2\spawn\Spawn 194(2009)(Digital)(TLK-EMPIRE-HD).cbr,.cbr,194,0,,,194,Spawn,Todd McFarlane,,by,,Spawn - 0194 by Todd McFarlane.cbr
C:\temp2\spawn\Spawn 195(2009)(Digital)(TLK-EMPIRE-HD).cbr,.cbr,195,0,,,195,Spawn,Robert Kirkman,,by,,Spawn - 0195 by Robert Kirkman.cbr
C:\temp2\spawn\Spawn 196(2010)(Digital)(TLK-EMPIRE-HD).cbr,.cbr,196,0,,,196,Spawn,Todd McFarlane,,by,,Spawn - 0196 by Todd McFarlane.cbr
C:\temp2\spawn\Spawn 197(2010)(Digital)(TLK-EMPIRE-HD).cbr,.cbr,197,0,,,197,Spawn,Todd McFarlane,,by,,Spawn - 0197 by Todd McFarlane.cbr
C:\temp2\spawn\Spawn 198(2010)(Digital)(TLK-EMPIRE-HD).cbr,.cbr,198,0,,,198,Spawn,Todd McFarlane,,by,,Spawn - 0198 by Todd McFarlane.cbr
C:\temp2\spawn\Spawn 199(2010)(Digital)(TLK-EMPIRE-HD).cbr,.cbr,199,0,,,199,Spawn,Todd McFarlane,,by,,Spawn - 0199 by Todd McFarlane.cbr
C:\temp2\spawn\Spawn 200(2010)(Digital)(TLK-EMPIRE-HD).cbr,.cbr,200,0,,,200,Spawn,Todd McFarlane,,by,,Spawn - 0200 by Todd McFarlane.cbr
C:\temp2\spawn\Spawn 201(2011)(Digital)(TLK-EMPIRE-HD).cbr,.cbr,201,0,,,201,Spawn,Will Carlton,,by,,Spawn - 0201 by Will Carlton.cbr
C:\temp2\spawn\Spawn 202(2011)(Digital)(TLK-EMPIRE-HD).cbr,.cbr,202,0,,,202,Spawn,Will Carlton,,by,,Spawn - 0202 by Will Carlton.cbr
C:\temp2\spawn\Spawn 203(2011)(Digital)(TLK-EMPIRE-HD).cbr,.cbr,203,0,,,203,Spawn,Will Carlton,,by,,Spawn - 0203 by Will Carlton.cbr
C:\temp2\spawn\Spawn 204(2011)(Digital)(TLK-EMPIRE-HD).cbr,.cbr,204,0,,,204,Spawn,Jon Goff,,by,,Spawn - 0204 by Jon Goff.cbr
C:\temp2\spawn\Spawn 205(2011)(Digital)(TLK-EMPIRE-HD).cbr,.cbr,205,0,,,205,Spawn,Jon Goff,,by,,Spawn - 0205 by Jon Goff.cbr
C:\temp2\spawn\Spawn 206(2011)(Digital)(TLK-EMPIRE-HD).cbr,.cbr,206,0,,,206,Spawn,Jon Goff,,by,,Spawn - 0206 by Jon Goff.cbr
C:\temp2\spawn\Spawn 207(2011)(Digital)(TLK-EMPIRE-HD).cbr,.cbr,207,0,,,207,Spawn,Jon Goff,,by,,Spawn - 0207 by Jon Goff.cbr
C:\temp2\spawn\Spawn 208(2011)(Digital)(TLK-EMPIRE-HD).cbr,.cbr,208,0,,,208,Spawn,Jon Goff,,by,,Spawn - 0208 by Jon Goff.cbr
C:\temp2\spawn\Spawn 209(2011)(Digital)(TLK-EMPIRE-HD).cbr,.cbr,209,0,,,209,Spawn,Jon Goff,,by,,Spawn - 0209 by Jon Goff.cbr
C:\temp2\spawn\Spawn 210(2011)(Digital)(TLK-EMPIRE-HD).cbr,.cbr,210,0,,,210,Spawn,Jon Goff,,by,,Spawn - 0210 by Jon Goff.cbr
C:\temp2\spawn\Spawn 211(2011)(Digital)(TLK-EMPIRE-HD).cbr,.cbr,211,0,,,211,Spawn,Jon Goff,,by,,Spawn - 0211 by Jon Goff.cbr
C:\temp2\spawn\Spawn 212(2011)(Digital)(TLK-EMPIRE-HD).cbr,.cbr,212,0,,,212,Spawn,Jon Goff,,by,,Spawn - 0212 by Jon Goff.cbr
C:\temp2\spawn\Spawn 213(2011)(Digital)(TLK-EMPIRE-HD).cbr,.cbr,213,0,,,213,Spawn,Jon Goff,,by,,Spawn - 0213 by Jon Goff.cbr
C:\temp2\spawn\Spawn 214(2011)(Digital)(TLK-EMPIRE-HD).cbr,.cbr,214,0,,,214,Spawn,Jon Goff,,by,,Spawn - 0214 by Jon Goff.cbr
C:\temp2\spawn\Spawn 215(2012)(Digital)(TLK-EMPIRE-HD).cbr,.cbr,215,0,,,215,Spawn,Jon Goff,,by,,Spawn - 0215 by Jon Goff.cbr
C:\temp2\spawn\Spawn 216(2012)(Digital)(TLK-EMPIRE-HD).cbr,.cbr,216,0,,,216,Spawn,Todd McFarlane,,by,,Spawn - 0216 by Todd McFarlane.cbr
C:\temp2\spawn\Spawn 217(2012)(Digital)(TLK-EMPIRE-HD).cbr,.cbr,217,0,,,217,Spawn,Todd McFarlane,,by,,Spawn - 0217 by Todd McFarlane.cbr
C:\temp2\spawn\Spawn 218(2012)(Digital)(TLK-EMPIRE-HD).cbr,.cbr,218,0,,,218,Spawn,Jon Goff,,by,,Spawn - 0218 by Jon Goff.cbr
C:\temp2\spawn\Spawn 219(2012)(Digital)(TLK-EMPIRE-HD).cbr,.cbr,219,0,,,219,Spawn,Jon Goff,,by,,Spawn - 0219 by Jon Goff.cbr
C:\temp2\spawn\Spawn 220(2012)(Digital)(TLK-EMPIRE-HD).cbr,.cbr,220,0,,,220,Spawn,Jon Goff,,by,,Spawn - 0220 by Jon Goff.cbr
C:\temp2\spawn\Spawn 221(2012)(Digital)(TLK-EMPIRE-HD).cbr,.cbr,221,0,,,221,Spawn,Jon Goff,,by,,Spawn - 0221 by Jon Goff.cbr
C:\temp2\spawn\Spawn 222(2012)(Digital)(TLK-EMPIRE-HD).cbr,.cbr,222,0,,,222,Spawn,Jon Goff,,by,,Spawn - 0222 by Jon Goff.cbr
C:\temp2\spawn\Spawn 223(2012)(Digital)(TLK-EMPIRE-HD).cbr,.cbr,223,0,,,223,Spawn,Jon Goff,,by,,Spawn - 0223 by Jon Goff.cbr
C:\temp2\spawn\Spawn 224(2012)(Digital)(TLK-EMPIRE-HD).cbr,.cbr,224,0,,,224,Spawn,Jon Goff,,by,,Spawn - 0224 by Jon Goff.cbr
C:\temp2\spawn\Spawn 225(2012)(Digital)(TLK-EMPIRE-HD).cbr,.cbr,225,0,,,225,Spawn,Jon Goff,,by,,Spawn - 0225 by Jon Goff.cbr
C:\temp2\spawn\Spawn 226(2013)(Digital)(TLK-EMPIRE-HD).cbr,.cbr,226,0,,,226,Spawn,Jon Goff,,by,,Spawn - 0226 by Jon Goff.cbr
C:\temp2\spawn\Spawn 227(2013)(Digital)(TLK-EMPIRE-HD).cbr,.cbr,227,0,,,227,Spawn,Jon Goff,,by,,Spawn - 0227 by Jon Goff.cbr
C:\temp2\spawn\Spawn 228(2013)(Digital)(TLK-EMPIRE-HD).cbr,.cbr,228,0,,,228,Spawn,Jon Goff,,by,,Spawn - 0228 by Jon Goff.cbr
C:\temp2\spawn\Spawn 229(2013)(Digital)(TLK-EMPIRE-HD).cbr,.cbr,229,0,,,229,Spawn,Jon Goff,,by,,Spawn - 0229 by Jon Goff.cbr
C:\temp2\spawn\Spawn 230(2013)(Digital)(TLK-EMPIRE-HD).cbr,.cbr,230,0,,,230,Spawn,Jon Goff,,by,,Spawn - 0230 by Jon Goff.cbr
C:\temp2\spawn\Spawn 231(2013)(Digital)(TLK-EMPIRE-HD).cbr,.cbr,231,0,,,231,Spawn,Jon Goff,,by,,Spawn - 0231 by Jon Goff.cbr
C:\temp2\spawn\Spawn 232(2013)(Digital)(TLK-EMPIRE-HD).cbr,.cbr,232,0,,,232,Spawn,Todd McFarlane,,by,,Spawn - 0232 by Todd McFarlane.cbr
C:\temp2\spawn\Spawn 233(2013)(Digital)(TLK-EMPIRE-HD).cbr,.cbr,233,0,,,233,Spawn,Todd McFarlane,,by,,Spawn - 0233 by Todd McFarlane.cbr
C:\temp2\spawn\Spawn 234(2013)(Digital)(TLK-EMPIRE-HD).cbr,.cbr,234,0,,,234,Spawn,Jon Goff,,by,,Spawn - 0234 by Jon Goff.cbr
C:\temp2\spawn\Spawn 235(2013)(Digital)(TLK-EMPIRE-HD).cbr,.cbr,235,0,,,235,Spawn,Jon Goff,,by,,Spawn - 0235 by Jon Goff.cbr
C:\temp2\spawn\Spawn 236(2013)(Digital)(TLK-EMPIRE-HD).cbr,.cbr,236,0,,,236,Spawn,Jon Goff,,by,,Spawn - 0236 by Jon Goff.cbr
C:\temp2\spawn\Spawn 237(2013)(Digital)(TLK-EMPIRE-HD).cbr,.cbr,237,0,,,237,Spawn,Jon Goff,,by,,Spawn - 0237 by Jon Goff.cbr
C:\temp2\spawn\Spawn 238(2013)(Digital)(TLK-EMPIRE-HD).cbr,.cbr,238,0,,,238,Spawn,Jon Goff,,by,,Spawn - 0238 by Jon Goff.cbr
C:\temp2\spawn\Spawn 239(2014)(Digital)(TLK-EMPIRE-HD).cbr,.cbr,239,0,,,239,Spawn,Jon Goff,,by,,Spawn - 0239 by Jon Goff.cbr
C:\temp2\spawn\Spawn 240(2014)(Digital)(TLK-EMPIRE-HD).cbr,.cbr,240,0,,,240,Spawn,Jon Goff,,by,,Spawn - 0240 by Jon Goff.cbr
C:\temp2\spawn\Spawn 241(2014)(Digital)(TLK-EMPIRE-HD).cbr,.cbr,241,0,,,241,Spawn,Jon Goff,,by,,Spawn - 0241 by Jon Goff.cbr
C:\temp2\spawn\Spawn 242(2014)(Digital)(TLK-EMPIRE-HD).cbr,.cbr,242,0,,,242,Spawn,Jon Goff,,by,,Spawn - 0242 by Jon Goff.cbr
C:\temp2\spawn\Spawn 243(2014)(Digital)(TLK-EMPIRE-HD).cbr,.cbr,243,0,,,243,Spawn,Todd McFarlane,,by,,Spawn - 0243 by Todd McFarlane.cbr
C:\temp2\spawn\Spawn 244(2014)(Digital)(TLK-EMPIRE-HD).cbr,.cbr,244,0,,,244,Spawn,Todd McFarlane,,by,,Spawn - 0244 by Todd McFarlane.cbr
C:\temp2\spawn\Spawn 245(2014)(Digital)(TLK-EMPIRE-HD).cbr,.cbr,245,0,,,245,Spawn,Todd McFarlane,,by,,Spawn - 0245 by Todd McFarlane.cbr
C:\temp2\spawn\Spawn 246(2014)(Digital)(TLK-EMPIRE-HD).cbr,.cbr,246,0,,,246,Spawn,Todd McFarlane,,by,,Spawn - 0246 by Todd McFarlane.cbr
C:\temp2\spawn\Spawn 247(2014)(Digital)(TLK-EMPIRE-HD).cbr,.cbr,247,0,,,247,Spawn,Todd McFarlane,,by,,Spawn - 0247 by Todd McFarlane.cbr
C:\temp2\spawn\Spawn 248(2014)(Digital)(TLK-EMPIRE-HD).cbr,.cbr,248,0,,,248,Spawn,Todd McFarlane,,by,,Spawn - 0248 by Todd McFarlane.cbr
C:\temp2\spawn\Spawn 249(2014)(Digital)(TLK-EMPIRE-HD).cbr,.cbr,249,0,,,249,Spawn,Todd McFarlane,,by,,Spawn - 0249 by Todd McFarlane.cbr
C:\temp2\spawn\Spawn 250(2015)(Digital)(TLK-EMPIRE-HD).cbr,.cbr,250,0,,,250,Spawn,Todd McFarlane,,by,,Spawn - 0250 by Todd McFarlane.cbr
C:\temp2\spawn\Spawn 251 (2015) (Digital-Empire).cbr,.cbr,251,0,,,251,Spawn,Paul Jenkins,,by,,Spawn - 0251 by Paul Jenkins.cbr
C:\temp2\spawn\Spawn 252 (2015) (Digital-Empire).cbr,.cbr,252,0,,,252,Spawn,Todd McFarlane,,by,,Spawn - 0252 by Todd McFarlane.cbr
C:\temp2\spawn\Spawn 253 (2015) (Digital-Empire).cbr,.cbr,253,0,,,253,Spawn,Todd McFarlane,,by,,Spawn - 0253 by Todd McFarlane.cbr
C:\temp2\spawn\Spawn 254 (2015) (Digital-Empire).cbr,.cbr,254,0,,,254,Spawn,Paul Jenkins,,by,,Spawn - 0254 by Paul Jenkins.cbr
C:\temp2\spawn\Spawn 255 (2015) (Digital-Empire).cbr,.cbr,255,0,,,255,Spawn,Todd McFarlane,,by,,Spawn - 0255 by Todd McFarlane.cbr
C:\temp2\spawn\Spawn 256 (2015) (Digital-Empire).cbr,.cbr,256,0,,,256,Spawn,Todd McFarlane,,by,,Spawn - 0256 by Todd McFarlane.cbr
C:\temp2\spawn\Spawn 257 (2015) (Digital-Empire).cbr,.cbr,257,0,,,257,Spawn,Todd McFarlane,,by,,Spawn - 0257 by Todd McFarlane.cbr
C:\temp2\spawn\Spawn 258 (2015) (Digital-Empire).cbr,.cbr,258,0,,,258,Spawn,Todd McFarlane,,by,,Spawn - 0258 by Todd McFarlane.cbr
C:\temp2\spawn\Spawn 259 (2015) (Digital-Empire).cbr,.cbr,259,0,,,259,Spawn,Erik Larsen,,by,,Spawn - 0259 by Erik Larsen.cbr
C:\temp2\spawn\Spawn 260 (2016) (Digital-Empire).cbr,.cbr,260,0,,,260,Spawn,Erik Larsen,,by,,Spawn - 0260 by Erik Larsen.cbr
C:\temp2\spawn\Spawn 261 (2016) (Digital-Empire).cbr,.cbr,261,0,,,261,Spawn,Erik Larsen,,by,,Spawn - 0261 by Erik Larsen.cbr
C:\temp2\spawn\Spawn 262 (2016) (Digital-Empire).cbr,.cbr,262,0,,,262,Spawn,Erik Larsen,,by,,Spawn - 0262 by Erik Larsen.cbr
C:\temp2\spawn\Spawn 263 (2016) (Digital-Empire.cbr,.cbr,263,0,,,263,Spawn,Todd McFarlane,,by,,Spawn - 0263 by Todd McFarlane.cbr
C:\temp2\spawn\Spawn 264 (2016) (Digital-Empire).cbr,.cbr,264,0,,,264,Spawn,Todd McFarlane,,by,,Spawn - 0264 by Todd McFarlane.cbr
C:\temp2\spawn\Spawn 265 (2016) (Digital-Empire).cbr,.cbr,265,0,,,265,Spawn,Erik Larsen,,by,,Spawn - 0265 by Erik Larsen.cbr
C:\temp2\spawn\Spawn 266 (2016) (Digital-Empire).cbr,.cbr,266,0,,,266,Spawn,Erik Larsen,,by,,Spawn - 0266 by Erik Larsen.cbr
C:\temp2\spawn\Spawn 267 (2016) (Digital-Empire).cbr,.cbr,267,0,,,267,Spawn,Tom Leveen,,by,,Spawn - 0267 by Tom Leveen.cbr
C:\temp2\spawn\Spawn 268 (2016) (Digital-Empire).cbr,.cbr,268,0,,,268,Spawn,Tom Leveen,,by,,Spawn - 0268 by Tom Leveen.cbr
C:\temp2\spawn\Spawn 269 (2017) (Digital-Empire).cbr,.cbr,269,0,,,269,Spawn,Tom Leveen,,by,,Spawn - 0269 by Tom Leveen.cbr
C:\temp2\spawn\Spawn 270 (2017) (Digital-Empire).cbr,.cbr,270,0,,,270,Spawn,Tom Leveen,,by,,Spawn - 0270 by Tom Leveen.cbr
C:\temp2\spawn\Spawn 271 (2017) (Digital-Empire).cbr,.cbr,271,0,,,271,Spawn,Todd McFarlane,,by,,Spawn - 0271 by Todd McFarlane.cbr
C:\temp2\spawn\Spawn 272 (2017) (Digital-Empire).cbr,.cbr,272,0,,,272,Spawn,Todd McFarlane,,by,,Spawn - 0272 by Todd McFarlane.cbr
C:\temp2\spawn\Spawn 273 (2017) (Digital-Empire).cbr,.cbr,273,0,,,273,Spawn,Todd McFarlane,,by,,Spawn - 0273 by Todd McFarlane.cbr
C:\temp2\spawn\Spawn 274 (2017) (Digital-Empire).cbr,.cbr,274,0,,,274,Spawn,Todd McFarlane,,by,,Spawn - 0274 by Todd McFarlane.cbr
C:\temp2\spawn\Spawn 275 (2017) (Digital-Empire).cbr,.cbr,275,0,,,275,Spawn,Todd McFarlane,,by,,Spawn - 0275 by Todd McFarlane.cbr
C:\temp2\spawn\Spawn 276 (2017) (Digital-Empire).cbr,.cbr,276,0,,,276,Spawn,Todd McFarlane,,by,,Spawn - 0276 by Todd McFarlane.cbr
C:\temp2\spawn\Spawn 277 (2017) (Digital-Empire).cbr,.cbr,277,0,,,277,Spawn,Todd McFarlane,,by,,Spawn - 0277 by Todd McFarlane.cbr
C:\temp2\spawn\Spawn 278 (2017) (Digital-Empire).cbr,.cbr,278,0,,,278,Spawn,Todd McFarlane,,by,,Spawn - 0278 by Todd McFarlane.cbr
C:\temp2\spawn\Spawn 279 (2017) (Digital-Empire).cbr,.cbr,279,0,,,279,Spawn,Darragh Savage,,by,,Spawn - 0279 by Darragh Savage.cbr
C:\temp2\spawn\Spawn 280 (2017) (Digital-Empire).cbr,.cbr,280,0,,,280,Spawn,Todd McFarlane,,by,,Spawn - 0280 by Todd McFarlane.cbr
C:\temp2\spawn\Spawn 281 (2018) (Digital-Empire).cbr,.cbr,281,0,,,281,Spawn,Todd McFarlane,,by,,Spawn - 0281 by Todd McFarlane.cbr
C:\temp2\spawn\Spawn 282 (2018) (Digital-Empire).cbr,.cbr,282,0,,,282,Spawn,Darragh Savage,,by,,Spawn - 0282 by Darragh Savage.cbr
C:\temp2\spawn\Spawn 283 (2018) (Digital-Empire).cbr,.cbr,283,0,,,283,Spawn,Todd McFarlane,,by,,Spawn - 0283 by Todd McFarlane.cbr
C:\temp2\spawn\Spawn 284 (2018) (Digital-Empire).cbr,.cbr,284,0,,,284,Spawn,Todd McFarlane,,by,,Spawn - 0284 by Todd McFarlane.cbr
C:\temp2\spawn\Spawn 285 (2018) (Digital-Empire).cbr,.cbr,285,0,,,285,Spawn,Todd McFarlane,,by,,Spawn - 0285 by Todd McFarlane.cbr
C:\temp2\spawn\Spawn 286 (2018) (Digital-Empire).cbr,.cbr,286,0,,,286,Spawn,Todd McFarlane,,by,,Spawn - 0286 by Todd McFarlane.cbr
C:\temp2\spawn\Spawn 287 (2018) (digital-Empire).cbr,.cbr,287,0,,,287,Spawn,Todd McFarlane,,by,,Spawn - 0287 by Todd McFarlane.cbr
C:\temp2\spawn\Spawn 288 (2018) (digital-Empire).cbr,.cbr,288,0,,,288,Spawn,Todd McFarlane,,by,,Spawn - 0288 by Todd McFarlane.cbr
C:\temp2\spawn\Spawn 289 (2018) (digital-Empire).cbr,.cbr,289,0,,,289,Spawn,Todd McFarlane,,by,,Spawn - 0289 by Todd McFarlane.cbr
C:\temp2\spawn\Spawn 290 (2018) (digital-Empire).cbr,.cbr,290,0,,,290,Spawn,Todd McFarlane,,by,,Spawn - 0290 by Todd McFarlane.cbr
C:\temp2\spawn\Spawn 291 (2018) (digital-Empire).cbr,.cbr,291,0,,,291,Spawn,Todd McFarlane,,by,,Spawn - 0291 by Todd McFarlane.cbr
C:\temp2\spawn\Spawn 292 (2018) (digital-Empire).cbr,.cbr,292,0,,,292,Spawn,Todd McFarlane,,by,,Spawn - 0292 by Todd McFarlane.cbr
C:\temp2\spawn\Spawn 293 (2019) (digital-Empire).cbr,.cbr,293,0,,,293,Spawn,Todd McFarlane,,by,,Spawn - 0293 by Todd McFarlane.cbr
C:\temp2\spawn\Spawn 294 (2019) (digital-Empire).cbr,.cbr,294,0,,,294,Spawn,Todd McFarlane,,by,,Spawn - 0294 by Todd McFarlane.cbr
C:\temp2\spawn\Spawn 295 (2019) (digital-Empire).cbr,.cbr,295,0,,,295,Spawn,Todd McFarlane,,by,,Spawn - 0295 by Todd McFarlane.cbr
C:\temp2\spawn\Spawn 296 (2019) (digital-Empire).cbr,.cbr,296,0,,,296,Spawn,Todd McFarlane,,by,,Spawn - 0296 by Todd McFarlane.cbr
C:\temp2\spawn\Spawn 297 (2019) (digital-Empire).cbr,.cbr,297,0,,,297,Spawn,Todd McFarlane,,by,,Spawn - 0297 by Todd McFarlane.cbr
C:\temp2\spawn\Spawn 298 (2019) (digital-Empire).cbr,.cbr,298,0,,,298,Spawn,Todd McFarlane,,by,,Spawn - 0298 by Todd McFarlane.cbr
C:\temp2\spawn\Spawn 299 (2019) (digital-Empire).cbr,.cbr,299,0,,,299,Spawn,Todd McFarlane,,by,,Spawn - 0299 by Todd McFarlane.cbr
C:\temp2\spawn\Spawn 300 (2019) (digital-Empire).cbr,.cbr,300,0,,,300,Spawn,Todd McFarlane,,by,,Spawn - 0300 by Todd McFarlane.cbr
C:\temp2\spawn\Spawn 301 (2019) (Digital-Empire).cbr,.cbr,301,0,,,301,Spawn,Todd McFarlane,,by,,Spawn - 0301 by Todd McFarlane.cbr
C:\temp2\spawn\Spawn 302 (2019) (Digital-Empire).cbr,.cbr,302,0,,,302,Spawn,Todd McFarlane,,by,,Spawn - 0302 by Todd McFarlane.cbr
C:\temp2\spawn\Spawn 303 (2019) (Digital-Empire).cbr,.cbr,303,0,,,303,Spawn,Todd McFarlane,,by,,Spawn - 0303 by Todd McFarlane.cbr
C:\temp2\spawn\Spawn 304 (2020) (Digital-Empire).cbr,.cbr,304,0,,,304,Spawn,Todd McFarlane,,by,,Spawn - 0304 by Todd McFarlane.cbr
C:\temp2\spawn\Spawn 305 (2020) (Digital-Empire).cbr,.cbr,305,0,,,305,Spawn,Todd McFarlane,,by,,Spawn - 0305 by Todd McFarlane.cbr
C:\temp2\spawn\Spawn 306 (2020) (Digital-Empire).cbr,.cbr,306,0,,,306,Spawn,Todd McFarlane,,by,,Spawn - 0306 by Todd McFarlane.cbr
C:\temp2\spawn\Spawn 307 (2020) (Digital-Empire).cbr,.cbr,307,0,,,307,Spawn,Todd McFarlane,,by,,Spawn - 0307 by Todd McFarlane.cbr
C:\temp2\spawn\Spawn 308 (2020) (Digital-Empire).cbr,.cbr,308,0,,,308,Spawn,Todd McFarlane,,by,,Spawn - 0308 by Todd McFarlane.cbr
C:\temp2\spawn\Spawn 309 (2020) (Digital-Empire).cbr,.cbr,309,0,,,309,Spawn,Todd McFarlane,,by,,Spawn - 0309 by Todd McFarlane.cbr
C:\temp2\spawn\Spawn 310 (2020) (Digital-Empire).cbr,.cbr,310,0,,,310,Spawn,Todd McFarlane,,by,,Spawn - 0310 by Todd McFarlane.cbr
C:\temp2\spawn\Spawn 311 (2020) (Digital-Empire).cbr,.cbr,311,0,,,311,Spawn,Todd McFarlane,,by,,Spawn - 0311 by Todd McFarlane.cbr
C:\temp2\spawn\Spawn 312 (2020) (Digital-Empire).cbr,.cbr,312,0,,,312,Spawn,Todd McFarlane,,by,,Spawn - 0312 by Todd McFarlane.cbr
C:\temp2\spawn\Spawn 313 (2020) (Digital-Empire).cbr,.cbr,313,0,,,313,Spawn,Todd McFarlane,,by,,Spawn - 0313 by Todd McFarlane.cbr
C:\temp2\spawn\Spawn 314 (2021) (Digital-Empire).cbr,.cbr,314,0,,,314,Spawn,Todd McFarlane,,by,,Spawn - 0314 by Todd McFarlane.cbr
C:\temp2\spawn\Spawn 315 (2021) (Digital-Empire).cbr,.cbr,315,0,,,315,Spawn,Todd McFarlane,,by,,Spawn - 0315 by Todd McFarlane.cbr
C:\temp2\spawn\Spawn 316 (2021) (Digital-Empire).cbr,.cbr,316,0,,,316,Spawn,Todd McFarlane,,by,,Spawn - 0316 by Todd McFarlane.cbr
C:\temp2\spawn\Spawn 317 (2021) (Digital-Empire).cbr,.cbr,317,0,,,317,Spawn,Todd McFarlane,,by,,Spawn - 0317 by Todd McFarlane.cbr
C:\temp2\spawn\Spawn 318 (2021) (Digital-Empire).cbr,.cbr,318,0,,,318,Spawn,Todd McFarlane,,by,,Spawn - 0318 by Todd McFarlane.cbr
C:\temp2\spawn\Spawn 319 (2021) (Digital-Empire).cbr,.cbr,319,0,,,319,Spawn,Todd McFarlane,,by,,Spawn - 0319 by Todd McFarlane.cbr
C:\temp2\spawn\Spawn 320 (2021) (Digital-Empire).cbr,.cbr,320,0,,,320,Spawn,Todd McFarlane,,by,,Spawn - 0320 by Todd McFarlane.cbr
C:\temp2\spawn\Spawn 321 (2021) (4 covers) (Digital-Empire).cbr,.cbr,321,0,,,321,Spawn,Todd McFarlane,,by,,Spawn - 0321 by Todd McFarlane.cbr
C:\temp2\spawn\Spawn 322 (2021) (3 covers) (Digital-Empire).cbr,.cbr,322,0,,,322,Spawn,Todd McFarlane,,by,,Spawn - 0322 by Todd McFarlane.cbr
C:\temp2\spawn\Spawn 323 (2021) (3 covers) (Digital-Empire).cbr,.cbr,323,0,,,323,Spawn,Todd McFarlane,,by,,Spawn - 0323 by Todd McFarlane.cbr
C:\temp2\spawn\Spawn 324 (2021) (2 covers) (Digital-Empire).cbr,.cbr,324,0,,,324,Spawn,Rory McConville,,by,,Spawn - 0324 by Rory McConville.cbr
C:\temp2\spawn\Spawn 325 (2022) (2 covers) (Digital-Empire).cbr,.cbr,325,0,,,325,Spawn,Rory McConville,,by,,Spawn - 0325 by Rory McConville.cbr
C:\temp2\spawn\Spawn 326 (2022) (2 covers) (Digital-Empire).cbr,.cbr,326,0,,,326,Spawn,Rory McConville,,by,,Spawn - 0326 by Rory McConville.cbr
C:\temp2\spawn\Spawn 327 (2022) (Digital-Empire).cbr,.cbr,327,0,,,327,Spawn,Todd McFarlane,,by,,Spawn - 0327 by Todd McFarlane.cbr
C:\temp2\spawn\Spawn 328 (2022) (2 covers) (Digital-Empire).cbr,.cbr,328,0,,,328,Spawn,Todd McFarlane,,by,,Spawn - 0328 by Todd McFarlane.cbr
C:\temp2\spawn\Spawn 329 (2022) (2 covers) (Digital-Empire).cbr,.cbr,329,0,,,329,Spawn,Todd McFarlane,,by,,Spawn - 0329 by Todd McFarlane.cbr
C:\temp2\spawn\Spawn 330 (2022) (2 covers) (Digital-Empire).cbr,.cbr,330,0,,,330,Spawn,Rory McConville,,by,,Spawn - 0330 by Rory McConville.cbr
C:\temp2\spawn\Spawn 331 (2022) (2 covers) (Digital-Empire).cbr,.cbr,331,0,,,331,Spawn,Todd McFarlane,,by,,Spawn - 0331 by Todd McFarlane.cbr
C:\temp2\spawn\Spawn 332 (2022) (2 covers) (Digital-Empire).cbr,.cbr,332,0,,,332,Spawn,Rory McConville,,by,,Spawn - 0332 by Rory McConville.cbr
C:\temp2\spawn\Spawn 333 (2022) (2 covers) (Digital-Empire).cbr,.cbr,333,0,,,333,Spawn,Rory McConville,,by,,Spawn - 0333 by Rory McConville.cbr
C:\temp2\spawn\Spawn 334 (2022) (2 covers) (Digital-Empire).cbr,.cbr,334,0,,,334,Spawn,Todd McFarlane,,by,,Spawn - 0334 by Todd McFarlane.cbr
